Ordinal,Car,Division
2740,2017 Abarth 124 Spider,Modern Sport Compact
3420,2020 Acura #6 ARX-05 DPi,Forza Proto-H
3240,2018 Acura #36 NSX GT3,Forza GT
2352,2017 Acura NSX,Modern Sport GT
368,2001 Acura Integra Type R,Early Sport Compact
2542,2017 Alfa Romeo Giulia Quadrifoglio,Modern Sport Touring
2038,2014 Alfa Romeo 4C,Modern Sport Coupe
1325,2011 Alfa Romeo Giulietta Quadrifoglio Verde,Modern Hot Hatch
1150,1965 Alfa Romeo Giulia Sprint GTA Stradale,Vintage Sport Compact
2973,2017 Alpine A110,Modern Sport Coupe
2426,1990 Alpine GTA Le Mans,Sport Touring Classics
1267,1971 AMC Javelin AMX,Vintage Muscle
1572,1970 AMC Rebel The Machine,Street Drag Racers
3141,2018 Apollo Intensa Emozione,Modern Hypercars
1651,2013 Ariel Atom 500 V8,Track Toys
2968,2023 Aston Martin Valkyrie,Modern Hypercars
3631,2022 Aston Martin Valkyrie AMR Pro,Modern Factory Racecars
3185,2019 Aston Martin DBS Superleggera,Modern Exotic GT
3364,2019 Aston Martin Valhalla Concept Car,Modern Hypercars
3091,2019 Aston Martin Vantage,Modern Sport GT
3762,2018 Aston Martin #97 AMR Vantage GTE,Forza GT
2860,2017 Aston Martin #7 Aston Martin Racing V12 Vantage GT3,Forza GT
3125,2017 Aston Martin Vanquish Zagato Coupe,Modern Exotic GT
3211,2017 Aston Martin Vulcan AMR Pro,Modern Factory Racecars
2470,2016 Aston Martin Vulcan,Modern Factory Racecars
2493,2015 Aston Martin Vantage GT12,Modern Sport GT
2181,2013 Aston Martin V12 Vantage S,Modern Sport GT
1081,2008 Aston Martin DBS,Modern Sport GT
479,2001 Aston Martin V12 Vanquish,Exotic GT Classics
1519,1998 Aston Martin V8 Vantage V600,Sport GT Icons
1551,1989 Aston Martin #18 Aston Martin AMR1,GTP/C
3024,1967 Aston Martin DBS,Vintage Exotic GT
1105,1964 Aston Martin DB5,Sport Coupe Icons
1550,1960 Aston Martin DB4 GT Zagato,Vintage Le Mans Sportscars
1386,1958 Aston Martin DBR1,Vintage Le Mans Sportscars
3583,2021 Audi RS 6 Avant,Sport Luxury
3584,2021 Audi RS 7 Sportback,Sport Luxury
3359,2021 Audi RS e-tron GT,Sport Luxury
3745,2020 Audi R8 V10 performance,Modern Sport GT
3454,2020 Audi RS 3 Sedan,Modern Sport Coupe
3453,2020 Audi TT RS Coupe,Modern Sport Coupe
2852,2018 Audi #1 Audi Sport RS 3 LMS,Forza Touring Cars
3229,2018 Audi #44 R8 LMS GT3,Forza GT
3318,2018 Audi RS 4 Avant,Modern Sport Touring
3264,2018 Audi RS 5 Coupe,Modern Sport Touring
3286,2018 Audi TT RS,Modern Sport Coupe
2859,2016 Audi #17 Rotek Racing TT RS,Forza GT
2473,2016 Audi R8 V10 plus,Modern Sport GT
2180,2015 Audi RS 6 Avant,Sport Luxury
2179,2015 Audi S1,Modern Hot Hatch
2271,2014 Audi #2 Audi Team Joest R18 e-tron quattro,Forza P1
2010,2013 Audi R8 Coupé V10 plus 5.2 FSI quattro,Modern Sport GT
1607,2013 Audi RS 4 Avant,Modern Sport Touring
2009,2013 Audi RS 7 Sportback,Sport Luxury
1216,2011 Audi RS 3 Sportback,Modern Hot Hatch
419,2006 Audi RS 4,Sport Touring Classics
428,2004 Audi S4,Sport Touring Classics
420,2003 Audi RS 6,Sport Touring Classics
2178,2001 Audi RS 4 Avant,Sport Touring Classics
1370,1995 Audi Avant RS 2,Sport Touring Classics
1573,1989 Audi #4 Audi 90 quattro IMSA GTO,GTX Sportscars
633,1984 Audi Sport quattro,Sport Touring Classics
1481,1965 Austin-Healey 3000 MkIII,Sport Coupe Icons
2096,1939 Auto Union Type D,The Birth of Grand Prix
3360,2020 Automobili Pininfarina Battista,Modern Hypercars
2040,2014 BAC Mono,Track Toys
2665,2017 Bentley Continental Supersports,Sport Luxury
2403,2014 Bentley #17 M-Sport Bentley Continental GT3,Forza GT
498,2003 Bentley #7 Team Bentley Speed 8,Early LMP
3763,2023 BMW M2,Modern Sport Coupe
3644,2021 BMW M3 Competition Sedan,Modern Sport Touring
3645,2021 BMW M4 Competition Coupé,Modern Sport Touring
3518,2020 BMW M8 Competition Coupé,Sport Luxury
3434,2020 BMW M2 Competition Coupé,Modern Sport Coupe
3173,2019 BMW Z4 Roadster,Modern Sport Coupe
3073,2018 BMW #1 BMW M Motorsport M8 GTE,Forza GT
3071,2018 BMW M5,Sport Luxury
2824,2017 BMW #24 BMW Team RLL M6 GTLM,Forza GT
2628,2016 BMW M4 GTS,Modern Sport Touring
2133,2015 BMW i8,Sport Luxury
2018,2013 BMW M6 Coupé,Sport Luxury
1388,2012 BMW M5,Modern Sport Touring
1385,2011 BMW 1 Series M Coupé,Modern Sport Coupe
1598,2010 BMW M3 GTS,Modern Sport Touring
383,2005 BMW M3,Sport Touring Classics
565,2002 BMW M3-GTR,Sport Touring Classics
1268,2002 BMW Z3 M Coupé,Early Sport Compact
2193,2000 BMW 323ti Sport,Early Sport Compact
505,1999 BMW #15 BMW Motorsport V12 LMR,Early LMP
382,1997 BMW M3,Sport Touring Classics
1493,1995 BMW 850CSi,Sport GT Icons
642,1991 BMW M3,Sport Touring Classics
1368,1988 BMW M5,Sport Touring Classics
1040,1981 BMW M1,Sport GT Icons
2103,1979 BMW #6 BMW Motorsport M1 Procar,GTX Sportscars
2112,1975 BMW #25 BMW Motorsport 3.0 CSL,GTX Sportscars
1269,1973 BMW 2002 Turbo,Vintage Sport Compact
3285,2019 Brabham BT62,Modern Factory Racecars
2033,1967 Brabham BT24,Formula 60s
3517,1964 Brabham BT8,Vintage Le Mans Sportscars
3266,1974 BRM #14 Team Motul P201,Formula 70s
3168,2019 Bugatti Divo,Modern Hypercars
2624,2018 Bugatti Chiron,Modern Hypercars
1328,2011 Bugatti Veyron Super Sport,Modern Hypercars
1219,1992 Bugatti EB110 Super Sport,Exotic GT Classics
2066,1926 Bugatti Type 35 C,The Birth of Grand Prix
1329,1987 Buick Regal GNX,Sport Touring Classics
3316,1985 Buick #6 Performance Motorsports Somerset Regal Trans-Am,GTX Sportscars
417,1970 Buick GSX,Street Drag Racers
3866,2023 Cadillac #01 Cadillac Racing V-Series.R,Forza Proto-H
3867,2023 Cadillac #2 Cadillac Racing V-Series.R,Forza Proto-H
3792,2023 Cadillac #31 Whelen Engineering Cadillac Racing V-Series.R,Forza Proto-H
3719,2022 Cadillac CT4-V Blackwing,Modern Sport Touring
3720,2022 Cadillac CT5-V Blackwing,Modern Sport Touring
3669,2021 Cadillac #31 Whelen Racing DPi-V.R,Forza Proto-H
3283,2018 Cadillac #57 TA CTS-V,Forza GT
2262,2016 Cadillac ATS-V,Modern Sport Touring
2421,2016 Cadillac CTS-V Sedan,Sport Luxury
3281,2015 Cadillac #3 Cadillac Racing ATS-V.R,Forza GT
1652,2013 Caterham Superlight R500,Track Toys
1553,1966 Chaparral #66 Chaparral Cars 2E,Prototype Group Racing
3771,2024 Chevrolet Corvette E-Ray,Modern Sport GT
3766,2023 Chevrolet Corvette Z06,Modern Sport GT
3490,2020 Chevrolet #3 Corvette Racing C8.R,Forza GT
3369,2020 Chevrolet Corvette Stingray Coupe,Modern Sport GT
3800,2020 Chevrolet Corvette Stingray Coupe Forza Edition,Modern Sport GT
3118,2019 Chevrolet Corvette ZR1,Modern Sport GT
3149,2018 Chevrolet Camaro ZL1 1LE,Modern Sport Touring
3801,2018 Chevrolet Camaro ZL1 1LE Forza Edition,Modern Sport Touring
3256,2018 Chevrolet #23 Ruman Racing TA Corvette,Forza GT
2739,2017 Chevrolet Camaro ZL1,Modern Sport Touring
2523,2016 Chevrolet Camaro Super Sport,Modern Sport Touring
2485,2015 Chevrolet #10 Konica Minolta Corvette Daytona Prototype,Forza P2
2177,2015 Chevrolet Corvette Z06,Modern Sport GT
2226,2014 Chevrolet #3 Corvette Racing Corvette C7.R,Forza GT
1317,2010 Chevrolet #55 Level 5 Motorsports Oreca FLM09,Forza P2
1069,2009 Chevrolet Corvette ZR1,Modern Sport GT
287,2002 Chevrolet Camaro 35th Anniversary Super Sport,Sport Touring Classics
314,2002 Chevrolet Corvette Z06,Sport GT Icons
2006,1995 Chevrolet Corvette ZR-1,Sport GT Icons
1033,1990 Chevrolet Camaro IROC-Z,Sport Touring Classics
1575,1988 Chevrolet Monte Carlo Super Sport,Sport Touring Classics
2776,1976 Chevrolet #76 Greenwood Corvette,GTX Sportscars
1330,1970 Chevrolet Camaro Z28,Vintage Muscle
299,1970 Chevrolet Chevelle Super Sport 454,Street Drag Racers
315,1970 Chevrolet Corvette ZR-1,Vintage Muscle
289,1969 Chevrolet Camaro Super Sport Coupe,Vintage Muscle
1429,1969 Chevrolet Nova Super Sport 396,Street Drag Racers
312,1967 Chevrolet Corvette Stingray 427,Vintage Muscle
3541,1970 Chevron B16,Vintage Le Mans Prototypes
2581,1972 Chrysler VH Valiant Charger R/T E49,Street Drag Racers
1665,2011 Citroen DS 3 Racing,Modern Hot Hatch
2488,1979 Datsun #33 280ZX Turbo,GTX Sportscars
1104,1970 Datsun 510,Vintage Sport Compact
2272,1969 Datsun 2000 Roadster,Sport Coupe Icons
3292,2019 Dodge #9 American V8 Road Racing TA Challenger,Forza GT
2909,2018 Dodge Challenger SRT Demon,Modern Sport Touring
2544,2016 Dodge Viper ACR,Modern Sport GT
2468,2015 Dodge Charger SRT Hellcat,Modern Sport Touring
2229,2014 Dodge #93 SRT Motorsports Viper GTS-R,Forza GT
2104,2013 Dodge Dart GT,Modern Sport Compact
1620,2012 Dodge Challenger SRT8,Modern Sport Touring
1046,2008 Dodge Viper SRT10 ACR,Modern Sport GT
1306,2005 Dodge SRT-4 ACR,Early Sport Compact
483,1999 Dodge Viper GTS ACR,Sport GT Icons
457,1996 Dodge Stealth R/T Turbo,Early Sport Compact
1292,1986 Dodge Shelby Omni GLHS,Hot Hatch Icons
639,1970 Dodge Challenger R/T,Street Drag Racers
1352,1970 Dodge Coronet Super Bee,Street Drag Racers
1063,1969 Dodge Charger Daytona HEMI,Vintage Muscle
513,1969 Dodge Charger R/T,Vintage Muscle
2105,2013 Donkervoort D8 GTO,Track Toys
462,1998 Eagle Talon TSi Turbo,Early Sport Compact
2275,1967 Eagle-Weslake T1G,Formula 60s
3334,2019 Elemental RP1,Track Toys
2866,2018 Exomotive Exocet Sport V8 XP-5,Track Toys
3724,2022 Ferrari 296 GTB,Modern Sport GT
3594,2020 Ferrari Roma,Modern Exotic GT
3595,2020 Ferrari SF90 Stradale,Modern Exotic GT
3227,2019 Ferrari 488 Pista,Modern Sport GT
3367,2019 Ferrari F8 Tributo,Modern Exotic GT
3312,2019 Ferrari Monza SP2,Modern Exotic GT
2972,2019 Ferrari #62 Risi Competizione 488 GTE,Forza GT
3311,2018 Ferrari FXX-K Evo,Modern Factory Racecars
3225,2018 Ferrari Portofino,Modern Exotic GT
3112,2017 Ferrari #25 Corse Clienti 488 Challenge,Forza GT
2974,2017 Ferrari 812 Superfast,Modern Exotic GT
3226,2017 Ferrari J50,Modern Exotic GT
2577,2015 Ferrari F12tdf,Modern Exotic GT
2467,2015 Ferrari 488 GTB,Modern Sport GT
2194,2014 Ferrari California T,Modern Sport GT
2371,2014 Ferrari FXX K,Modern Factory Racecars
2184,2013 Ferrari 458 Speciale,Modern Sport GT
2034,2013 Ferrari LaFerrari,Modern Exotic GT
1599,2012 Ferrari 599XX Evolution,Modern Factory Racecars
1440,2011 Ferrari #62 Risi Competizione F458 Italia GTC,Forza GT
1171,2010 Ferrari 599XX,Modern Factory Racecars
1131,2009 Ferrari 458 Italia,Modern Sport GT
1022,2007 Ferrari 430 Scuderia,Modern Sport GT
297,2003 Ferrari 360 Challenge Stradale,Sport GT Icons
257,2002 Ferrari 575M Maranello,Exotic GT Classics
333,2002 Ferrari Enzo Ferrari,Exotic GT Classics
524,1998 Ferrari #12 Risi Competizione F333 SP,Early LMP
1020,1996 Ferrari F50 GT,Early Factory Racecars
342,1995 Ferrari F50,Exotic GT Classics
253,1994 Ferrari F355 Berlinetta,Sport GT Icons
255,1992 Ferrari 512 TR,Exotic GT Classics
2126,1990 Ferrari #1 Scuderia Ferrari 641,Grand Prix Rivals
1023,1989 Ferrari F40 Competizione,Early Factory Racecars
340,1987 Ferrari F40,Exotic GT Classics
358,1984 Ferrari 288 GTO,Sport GT Icons
2315,1982 Ferrari #72 N.A.R.T. 512 BB/LM,GTX Sportscars
2015,1976 Ferrari #1 Scuderia Ferrari 312 T2,Formula 70s
3062,1970 Ferrari 512 S,Vintage Le Mans Prototypes
326,1969 Ferrari Dino 246 GT,Vintage Exotic GT
2793,1967 Ferrari #24 Ferrari Spa 330 P4,Vintage Le Mans Prototypes
2401,1964 Ferrari F-158 F1,Formula 60s
2268,1963 Ferrari 250LM,Vintage Le Mans Sportscars
1578,1962 Ferrari 250 GT Berlinetta Lusso,Sport Coupe Icons
249,1962 Ferrari 250 GTO,Vintage Le Mans Sportscars
1154,1957 Ferrari 250 Testa Rossa,Vintage Le Mans Sportscars
2186,1953 Ferrari 500 Mondial,Vintage Le Mans Sportscars
3019,1948 Ferrari 166 Inter Sport,The Birth of Grand Prix
3285,2020 Ford Mustang Shelby GT500,Modern Sport Touring
3046,2018 Ford Mustang GT,Modern Sport Touring
3251,2018 Ford #98 Breathless Pro Racing TA Mustang,Forza GT
2760,2017 Ford #17 Shell V-Power Racing Team Falcon FG X,Forza GT
2357,2017 Ford Focus RS,Modern Hot Hatch
2363,2017 Ford GT,Modern Sport GT
2543,2016 Ford #66 Ford Racing GT Le Mans,Forza GT
2400,2016 Ford Shelby GT350R,Modern Sport Touring
2409,2015 Ford #02 Chip Ganassi Racing Riley Mk XXVI Daytona Prototype,Forza P2
2580,2015 Ford Falcon GT F 351,Modern Sport Touring
2314,2014 Ford #17 AMD Tuning Focus ST BTCC,Forza Touring Cars
1086,2009 Ford Focus RS,Modern Hot Hatch
348,2005 Ford Ford GT,Modern Sport GT
2019,2003 Ford Focus RS,Modern Hot Hatch
405,2000 Ford SVT Cobra R,Sport Touring Classics
3228,1999 Ford Racing Puma,Early Sport Compact
1041,1993 Ford SVT Cobra R,Sport Touring Classics
1272,1992 Ford Escort RS Cosworth,Hot Hatch Icons
2514,1992 Ford Falcon GT,Sport Touring Classics
3158,1991 Ford #15 Roush Racing Whistler Mustang,GTX Sportscars
1293,1987 Ford Sierra Cosworth RS500,Sport Touring Classics
2981,1986 Ford Escort RS Turbo,Hot Hatch Icons
3181,1986 Ford Mustang SVO,Sport Touring Classics
2868,1982 Ford #6 Zakspeed Roush Mustang IMSA GT,GTX Sportscars
2125,1981 Ford #2 Zakspeed Racing Capri Turbo,GTX Sportscars
2158,1981 Ford Fiesta XR2,Hot Hatch Icons
1302,1977 Ford Escort RS1800,Vintage Sport Compact
1580,1973 Ford Escort RS1600,Vintage Sport Compact
1278,1973 Ford XB Falcon GT,Vintage Muscle
1668,1969 Ford Mustang Boss 302,Vintage Muscle
2614,1968 Ford Mustang GT 2+2 Fastback,Vintage Muscle
2792,1966 Ford #2 GT40 MkII Le Mans,Vintage Le Mans Prototypes
1486,1966 Ford Lotus Cortina,Vintage Sport Compact
1355,1965 Ford Mustang GT Coupe,Vintage Muscle
2980,1964 Ford GT40 Mk I,Vintage Le Mans Prototypes
3460,2019 Ginetta #6 Team LNT Ginetta G60-LT-P1,Forza P1
3427,2019 Ginetta G55 GT4,Forza GT
3429,2019 Ginetta G40 Junior,Forza Touring Cars
3599,2022 Gordon Murray Automotive T.50,Modern Exotic GT
2796,2017 Holden #22 Walkinshaw Performance VF Commodore,Forza GT
2203,1988 Holden VL Commodore Group A SV,Sport Touring Classics
1533,1977 Holden Torana A9X,Vintage Sport Compact
2417,1973 Holden HQ Monaro GTS 350,Vintage Muscle
1511,1968 Holden Monaro GTS 327,Street Drag Racers
3545,2020 Honda #73 LA Honda World Racing Civic,Forza Touring Cars
2870,2018 Honda Civic Type R,Modern Hot Hatch
2005,2009 Honda S2000 CR,Modern Sport Compact
411,2005 Honda NSX-R,Sport GT Icons
302,2004 Honda Civic Type R,Modern Hot Hatch
2817,2000 Honda Prelude Type SH,Early Sport Compact
1273,1997 Honda Civic Type R,Hot Hatch Icons
412,1992 Honda NSX-R,Sport GT Icons
320,1991 Honda CR-X SiR,Hot Hatch Icons
2205,1970 Honda S800,Sport Coupe Icons
2265,1967 Honda RA300,Formula 60s
2131,2014 HSV GEN-F GTS,Modern Sport Touring
2582,1996 HSV GTSR,Sport Touring Classics
3532,2020 Hyundai #98 Bryan Herta Autosport Veloster N,Forza Touring Cars
2872,2019 Hyundai Veloster N,Modern Hot Hatch
3802,2019 Hyundai Veloster N Forza Edition,Modern Hot Hatch
2166,2014 Infiniti Q50 Eau Rouge,Sport Luxury
1663,2012 Infiniti IPL G Coupe,Modern Sport Touring
350,2003 Infiniti G35 Coupe,Sport Touring Classics
2162,2015 Jaguar F-TYPE R Coupé,Modern Sport Coupe
2185,2015 Jaguar XFR-S,Sport Luxury
2235,2015 Jaguar XKR-S GT,Modern Sport Touring
489,1993 Jaguar XJ220,Exotic GT Classics
3293,1993 Jaguar XJ220S TWR,Exotic GT Classics
3287,1991 Jaguar Sport XJR-15,Exotic GT Classics
2826,1988 Jaguar #1 Jaguar Racing XJR-9,GTP/C
2800,1983 Jaguar #44 Group 44 XJR-5,GTP/C
336,1961 Jaguar E-type,Vintage Le Mans Sportscars
2559,1959 Jaguar Mk II 3.8,Sport Coupe Icons
1301,1956 Jaguar D-Type,Vintage Le Mans Sportscars
3315,2020 Koenigsegg Jesko,Modern Hypercars
2910,2017 Koenigsegg Agera RS,Modern Hypercars
3492,2020 KTM X-Bow GT2,Forza GT
3035,2018 KTM X-Bow GT4,Forza GT
1653,2013 KTM X-Bow R,Track Toys
3606,2020 Lamborghini Essenza SCV12,Forza GT
3371,2020 Lamborghini Huracán EVO,Modern Sport GT
3672,2020 Lamborghini Huracán STO,Modern Sport GT
3633,2019 Lamborghini Sián FKP 37,Modern Hypercars
3289,2018 Lamborghini Aventador SVJ,Modern Exotic GT
3217,2018 Lamborghini Huracán Performante,Modern Sport GT
3239,2018 Lamborghini #63 Squadra Corse Huracán Super Trofeo Evo,Forza GT
2616,2016 Lamborghini Centenario LP 770-4,Modern Exotic GT
2479,2016 Lamborghini Aventador Superveloce,Modern Exotic GT
2379,2015 Lamborghini #63 Squadra Corse Huracan LP620-2 Super Trofeo,Forza GT
2164,2014 Lamborghini Huracán LP 610-4,Modern Sport GT
2042,2013 Lamborghini Veneno,Modern Hypercars
1583,2012 Lamborghini Aventador J,Modern Exotic GT
1322,2011 Lamborghini Gallardo LP 570-4 Superleggera,Modern Sport GT
1392,2011 Lamborghini Sesto Elemento,Modern Sport GT
1173,2010 Lamborghini Murciélago LP 670-4 SV,Modern Exotic GT
1125,2008 Lamborghini Revénton,Modern Exotic GT
324,1999 Lamborghini Diablo GTR,Early Factory Racecars
325,1997 Lamborghini Diablo SV,Exotic GT Classics
316,1988 Lamborghini Countach LP5000 QV,Exotic GT Classics
3191,1973 Lamborghini Espada 400 GT,Vintage Exotic GT
2207,1972 Lamborghini Jarama S,Vintage Exotic GT
637,1967 Lamborghini Miura P400,Vintage Exotic GT
323,1992 Lancia Delta HF Integrale EVO,Hot Hatch Icons
3520,2021 Lexus LC 500,Sport Luxury
3546,2020 Lexus RC F Track Edition,Modern Sport Coupe
3457,2020 Lexus #14 VASSER SULLIVAN RC F GT3,Forza GT
2175,2015 Lexus RC F,Modern Sport Coupe
2097,2014 Lexus IS 350 F Sport,Modern Sport Touring
1535,2013 Lexus GS350 F Sport,Sport Luxury
1260,2010 Lexus LFA,Modern Sport GT
3365,2016 Ligier #11 Euro International JS P3,Forza P3
2312,1969 Lola #10 Simoniz Special T163,Prototype Group Racing
2423,1969 Lola #6 Sunoco T70 MkIIIB,Prototype Group Racing
3716,2023 Lotus Emira,Modern Sport GT
3449,2020 Lotus Evija,Modern Exotic GT
2541,2016 Lotus 3-Eleven,Track Toys
2165,2011 Lotus Evora S,Modern Sport Coupe
335,2002 Lotus Esprit V8,Sport GT Icons
3301,1986 Lotus #12 Team Lotus 98T,Grand Prix Rivals
2266,1976 Lotus #5 Team Lotus 77,Formula 70s
330,1971 Lotus Elan Sprint,Vintage Sport Compact
2024,1967 Lotus Type 49,Formula 60s
3309,1965 Lotus #1 Team Lotus Type 40,Vintage Le Mans Prototypes
3268,1965 Lotus Team Lotus type 35,Formula 60s
3677,2021 Lynk & Co 03+,Modern Sport Compact
3552,2020 Lynk & Co #62 Cyan Racing 03,Forza Touring Cars
2051,2014 Maserati Ghibli S Q4,Sport Luxury
391,2004 Maserati MC12,Exotic GT Classics
1513,1997 Maserati Ghibli Cup,Sport Touring Classics
1524,1961 Maserati Tipo 61 Birdcage,Vintage Le Mans Sportscars
1462,1957 Maserati 300 S,Vintage Le Mans Sportscars
2506,1953 Maserati A6GCS/53 PininFarina Berlinetta,Vintage Le Mans Sportscars
2068,1939 Maserati 8CTF,The Birth of Grand Prix
3080,1970 Matra-Simca #146 Equipe Matra-Simca MS650 Tour de France,Vintage Le Mans Prototypes
3798,2017 Mazda MX-5 Cup,Forza Specials
2267,2016 Mazda MX-5,Modern Sport Compact
2083,2015 Mazda Formula Mazda,Formula Mazda Spec
2240,2014 Mazda #70 SpeedSource Lola B12/80,Forza P2
2004,2013 Mazda MX-5,Modern Sport Compact
1426,2011 Mazda RX-8 R3,Modern Sport Compact
425,2002 Mazda RX-7 Spirit R Type-A,Early Sport Compact
424,1997 Mazda RX-7,Early Sport Compact
1110,1994 Mazda MX-5 Miata,Early Sport Compact
2209,1992 Mazda 323 GT-R,Hot Hatch Icons
1335,1991 Mazda #55 Mazda 787B,GTP/C
2334,1991 Mazda #62 Mazda Motorsport RX-7,GTX Sportscars
2255,1990 Mazda MX-5 Miata,Early Sport Compact
423,1990 Mazda Savanna RX-7,Early Sport Compact
1480,1985 Mazda RX-7 GSL-SE,Early Sport Compact
1514,1973 Mazda RX-3,Vintage Sport Compact
1587,1972 Mazda Cosmo 110S Series II,Sport Coupe Icons
3655,2021 McLaren 620R,Modern Sport GT
3482,2021 McLaren 765LT Coupe,Modern Sport GT
3700,2021 McLaren Sabre,Modern Hypercars
3437,2020 McLaren GT,Modern Exotic GT
3154,2019 McLaren 720S Spider,Modern Sport GT
3157,2019 McLaren #03 720S GT3,Forza GT
3155,2019 McLaren Senna GTR,Modern Factory Racecars
3153,2018 McLaren 600LT Coupé,Modern Sport GT
2846,2018 McLaren 720S Coupe,Modern Sport GT
2988,2018 McLaren Senna,Modern Hypercars
2481,2015 McLaren P1 GTR,Modern Factory Racecars
2189,2015 McLaren 650S Coupe,Modern Sport GT
1667,2013 McLaren P1,Modern Exotic GT
338,1997 McLaren F1 GT,Early Factory Racecars
1314,1993 McLaren F1,Exotic GT Classics
1670,1988 McLaren #12 Honda McLaren MP4/4,Grand Prix Rivals
1672,1976 McLaren #11 Team McLaren M23,Formula 70s
1457,1969 McLaren #4 McLaren Cars M8B,Prototype Group Racing
3270,1966 McLaren #4 Bruce McLaren Motor Racing M1B,Prototype Group Racing
1671,1966 McLaren M2B,Formula 60s
3650,2021 Mercedes-AMG Mercedes-AMG ONE,Modern Hypercars
3616,2020 Mercedes-AMG GT Black Series,Modern Sport GT
3250,2018 Mercedes-AMG E 63 S,Sport Luxury
3064,2018 Mercedes-AMG GT 4-Door Coupé,Sport Luxury
3197,2018 Mercedes-AMG GT3,Forza GT
2654,2017 Mercedes-AMG GT R,Modern Sport GT
2471,2016 Mercedes-AMG C 63 S Coupé,Modern Sport Touring
3803,2016 Mercedes-AMG C 63 S Coupé Forza Edition,Modern Sport Touring
2875,2017 Mercedes-Benz #33 Mac Tools Ciceley Motorsports A-Class (A45),Forza Touring Cars
1658,2013 Mercedes-Benz A 45 AMG,Modern Hot Hatch
1500,2012 Mercedes-Benz C 63 AMG Coupé Black Series,Modern Sport Touring
1525,2012 Mercedes-Benz SLK 55 AMG,Modern Sport Coupe
1202,2011 Mercedes-Benz SLS AMG,Modern Sport GT
1090,2009 Mercedes-Benz SL 65 AMG Black Series,Modern Sport GT
286,2004 Mercedes-Benz C 32 AMG,Sport Touring Classics
568,1998 Mercedes-Benz AMG CLK GTR,Early Factory Racecars
1296,1990 Mercedes-Benz 190E 2.5-16 Evolution II,Sport Touring Classics
1560,1989 Mercedes-Benz #63 Sauber-Mercedes C 9,GTP/C
1559,1955 Mercedes-Benz 300 SLR,Vintage Le Mans Sportscars
251,1954 Mercedes-Benz 300 SL Coupé,Sport Coupe Icons
2069,1939 Mercedes-Benz W154,The Birth of Grand Prix
2333,1990 Mercury #15 Whistler Radar Cougar XR-7,GTX Sportscars
1280,1970 Mercury Cougar Eliminator,Vintage Muscle
3028,1986 Merkur #11 MAC Tools XR4Ti,GTX Sportscars
3689,2021 MG MG6 XPower,Modern Sport Touring
3537,2020 MG #20 MG6 XPower,Forza Touring Cars
1589,1966 MG MGB GT,Vintage Sport Compact
1487,1958 MG MGA Twin-Cam,Sport Coupe Icons
3534,2021 MINI John Cooper Works GP,Modern Hot Hatch
2003,2012 MINI John Cooper Works GP,Modern Hot Hatch
1662,1965 MINI Cooper S,Vintage Sport Compact
1009,2008 Mitsubishi Lancer Evolution X GSR,Modern Sport Compact
374,2006 Mitsubishi Lancer Evolution IX MR,Modern Sport Compact
378,2004 Mitsubishi Lancer Evolution VIII MR,Early Sport Compact
375,1999 Mitsubishi Lancer Evolution VI GSR,Early Sport Compact
349,1998 Mitsubishi FTO GP Version R,Early Sport Compact
357,1997 Mitsubishi GTO,Early Sport Compact
3886,1995 Mitsubishi Lancer Evolution III GSR,Early Sport Compact
327,1995 Mitsubishi Eclipse GSX,Early Sport Compact
1381,1992 Mitsubishi Galant VR-4,Early Sport Compact
3366,2016 NIO EP9,Modern Hypercars
3338,1988 Nissan #24 Nissan Motorsports International R88C,GTP/C
3620,2023 Nissan Z,Modern Sport Coupe
3622,2020 Nissan GT-R NISMO (R35),Modern Sport GT
3307,2019 Nissan 370Z Nismo,Modern Sport Coupe
2874,2018 Nissan Sentra NISMO,Modern Sport Compact
2797,2017 Nissan Altima Racecar,Forza GT
2618,2017 Nissan GT-R (R35),Modern Sport GT
2368,2015 Nissan #23 GT-R LM NISMO,Forza P1
344,2003 Nissan Fairlady Z,Early Sport Compact
445,2002 Nissan Skyline GT-R V-Spec II,Sport GT Icons
441,2000 Nissan Silvia Spec-R,Early Sport Compact
3497,1999 Nissan #23 NISMO Clarion R391,Early LMP
3363,1998 Nissan #23 Pennzoil NISMO Skyline GT-R,GTX Sportscars
567,1998 Nissan R390 (GT1),Exotic GT Classics
2659,1998 Nissan Silvia K’s Aero,Early Sport Compact
1043,1997 Nissan Skyline GT-R V-Spec,Sport GT Icons
345,1994 Nissan Fairlady Z Version S Twin Turbo,Sport GT Icons
440,1994 Nissan Silvia K’s,Early Sport Compact
1282,1993 Nissan 240SX SE,Early Sport Compact
444,1993 Nissan Skyline GT-R V-Spec,Sport GT Icons
439,1992 Nissan Silvia CLUB K’s,Early Sport Compact
2483,1991 Nissan #23 Nissan R91CP,GTP/C
3257,1990 Nissan Pulsar GTi-R,Early Sport Compact
2840,1988 Nissan #33 Bob Sharp Racing 300ZX,GTX Sportscars
2512,1987 Nissan Skyline GTS-R (HR31),Sport Touring Classics
3018,1985 Nissan #83 GTP ZX-Turbo,GTP/C
2801,1984 Nissan #11 Tomica Skyline Turbo Super Silhouette,GTX Sportscars
2482,1984 Nissan #20 Bluebird Super Silhouette,GTX Sportscars
3362,1983 Nissan #23 Nissan Motorsports Silvia Super Silhouette,GTX Sportscars
2270,1973 Nissan Skyline H/T 2000GT-R,Vintage Sport Compact
1042,1971 Nissan Skyline 2000GT-R,Vintage Sport Compact
2269,1969 Nissan #21 Nissan Racing R382,Prototype Group Racing
343,1969 Nissan Fairlady Z 432,Vintage Sport Compact
2823,1967 Nissan R380 II,Vintage Le Mans Sportscars
3310,1990 Oldsmobile #75 Cutlass Supreme Trans Am,GTX Sportscars
1336,1969 Oldsmobile Hurst/Olds 442,Street Drag Racers
2160,1979 Opel Kadett C GT/E,Vintage Sport Compact
2967,2017 Oreca #38 Jackie Chan DC Racing Oreca 07,Forza P2
3543,2022 Pagani Huayra R,Modern Hypercars
2647,2016 Pagani Huayra BC,Modern Hypercars
1369,2009 Pagani Zonda Cinque Roadster,Modern Hypercars
3243,2018 Peugeot #7 DG Sport Compétition 308,Forza Touring Cars
1348,2011 Peugeot 308 GTI,Modern Hot Hatch
550,1993 Peugeot #3 Peugeot Talbot Sport 905 EVO 1C,GTP/C
1591,1984 Peugeot 205 Turbo 16,Hot Hatch Icons
1277,1971 Plymouth Cuda 426 HEMI,Vintage Muscle
1331,1971 Plymouth GTX 426 HEMI,Street Drag Racers
1065,2002 Pontiac Firebird Trans Am Ram Air,Sport Touring Classics
1045,1987 Pontiac Firebird Trans Am GTA,Sport Touring Classics
1005,1973 Pontiac Firebird Trans Am SD-455,Vintage Muscle
1337,1969 Pontiac Firebird Trans Am,Vintage Muscle
1309,1969 Pontiac GTO Judge,Street Drag Racers
3876,2024 Porsche #5 Porsche Penske Motorsport 963,Forza Proto-H
3760,2022 Porsche 718 Cayman GT4 RS,Modern Sport Coupe
3667,2021 Porsche 911 GT3,Modern Sport GT
3698,2021 Porsche Mission R,Mission R Spec
3445,2020 Porsche Taycan Turbo S,Sport Luxury
3123,2019 Porsche 911 Carrera S,Modern Sport GT
3072,2019 Porsche 911 GT3 RS,Modern Sport GT
3215,2019 Porsche 911 Speedster,Modern Sport GT
3214,2019 Porsche #70 Porsche Motorsport 935,Forza GT
3218,2018 Porsche #73 Park Place Motorsports 911 GT3 R,Forza GT
3117,2018 Porsche 718 Cayman GTS,Modern Sport Coupe
2755,2018 Porsche 911 GT2 RS,Modern Sport GT
3807,2018 Porsche 911 GT2 RS Forza Edition,Modern Sport GT
2774,2017 Porsche #2 Porsche Team 919 Hybrid,Forza P1
2775,2017 Porsche #92 Porsche GT Team 911 RSR,Forza GT
2741,2017 Porsche Panamera Turbo,Sport Luxury
2528,2016 Porsche 911 GT3 RS,Modern Sport GT
2538,2015 Porsche #91 Porsche Team Manthey 991 RSR,Forza GT
2293,2015 Porsche Cayman GTS,Modern Sport Coupe
2290,2014 Porsche 918 Spyder,Modern Exotic GT
2289,2014 Porsche 911 Turbo S,Modern Sport GT
1539,2012 Porsche 911 GT2 RS,Modern Sport GT
263,2007 Porsche 911 GT3,Sport GT Icons
262,2004 Porsche 911 GT3,Sport GT Icons
292,2003 Porsche Carrera GT,Exotic GT Classics
641,1997 Porsche 911 GT1 Strassenversion,Early Factory Racecars
261,1995 Porsche 911 GT2,Sport GT Icons
2794,1993 Porsche 911 Turbo S Leichtbau,Sport GT Icons
2535,1993 Porsche 928 GTS,Sport Touring Classics
2534,1993 Porsche 968 Turbo S,Sport Touring Classics
268,1989 Porsche 944 Turbo,Sport Touring Classics
269,1987 Porsche 959,Exotic GT Classics
540,1987 Porsche #17 Porsche AG 962c,GTP/C
3023,1983 Porsche #11 John Fitzpatrick Racing 956,GTP/C
265,1982 Porsche 911 Turbo 3.3,Sport GT Icons
2532,1980 Porsche 924 Carrera GTS,Sport Touring Classics
3506,1974 Porsche #1 911 RSR,GTX Sportscars
260,1973 Porsche 911 Carrera RS,Vintage Sport Compact
2549,1970 Porsche #3 917 LH,Vintage Le Mans Prototypes
266,1970 Porsche 914/6,Vintage Sport Compact
2537,1960 Porsche 718 RS 60,Vintage Le Mans Sportscars
2299,1957 Porsche 356A Speedster,Sport Coupe Icons
1281,1955 Porsche 550 Spyder,Sport Coupe Icons
2486,2015 Radical RXC Turbo,Track Toys
3196,2019 RAESR Tachyon Speed,Modern Hypercars
3134,2018 Renault Megane R.S.,Modern Hot Hatch
3182,2016 Renault Clio R.S. 16 Concept,Modern Hot Hatch
3129,2008 Renault Mégane R26.R,Modern Hot Hatch
453,2003 Renault Sport Clio V6,Modern Hot Hatch
2149,1993 Renault Clio Williams,Hot Hatch Icons
634,1980 Renault 5 Turbo,Hot Hatch Icons
3403,1977 Renault #15 Equipe Renault Elf R.S. 01,Formula 70s
3395,1967 Renault 8 Gordini,Vintage Sport Compact
3625,2021 Rimac Nevera,Modern Hypercars
3140,2019 Rimac Concept Two,Modern Hypercars
3276,2018 Saleen S1,Modern Sport GT
3498,2017 Saleen S7 LM,Modern Exotic GT
432,2004 Saleen S7,Exotic GT Classics
306,1965 Shelby Cobra 427 S/C,Vintage Le Mans Sportscars
1155,1965 Shelby Cobra Daytona Coupe,Vintage Le Mans Sportscars
3079,1963 Shelby Monaco King Cobra,Vintage Le Mans Prototypes
2475,2016 Spania GTA GTA Spano,Modern Exotic GT
1562,2013 SRT Viper GTS,Modern Sport GT
3735,2022 SUBARU BRZ,Modern Sport Compact
3412,2019 SUBARU STI S209,Modern Sport Compact
3804,2019 SUBARU STI S209 Forza Edition,Modern Sport Compact
3272,2018 SUBARU #1 Adrian Flux SUBARU Racing Levorg GT,Forza Touring Cars
2168,2015 SUBARU WRX STI,Modern Sport Compact
1655,2013 SUBARU BRZ,Modern Sport Compact
1323,2011 SUBARU WRX STI,Modern Sport Compact
1060,2008 SUBARU IMPREZA WRX STI,Modern Sport Compact
365,2005 SUBARU IMPREZA WRX STI,Modern Sport Compact
364,2004 SUBARU IMPREZA WRX STI,Early Sport Compact
363,1998 SUBARU Impreza 22B-STi Version,Early Sport Compact
1382,1990 SUBARU LEGACY RS,Early Sport Compact
3402,2020 Toyota GR Supra,Modern Sport Coupe
3418,2019 Toyota 86 TRD SE,Modern Sport Compact
2302,2014 Toyota #8 Toyota Racing TS040 HYBRID,Forza P1
295,2003 Toyota Celica Sport Specialty II,Early Sport Compact
555,1999 Toyota #3 Toyota Motorsports GT-ONE TS020,Early LMP
461,1998 Toyota Supra RZ,Sport GT Icons
398,1995 Toyota MR2 GT,Early Sport Compact
1034,1994 Toyota Celica GT-Four ST205,Early Sport Compact
2434,1992 Toyota #99 All American Racers Toyota Eagle MkIII,GTP/C
1517,1992 Toyota Celica GT-Four RC ST185,Early Sport Compact
460,1992 Toyota Supra 2.0 GT,Early Sport Compact
1395,1989 Toyota MR2 SC,Early Sport Compact
455,1985 Toyota Sprinter Trueno GT Apex,Hot Hatch Icons
1592,1974 Toyota Celica GT,Vintage Sport Compact
1537,1974 Toyota Corolla SR5,Vintage Sport Compact
247,1969 Toyota 2000GT,Sport Coupe Icons
2993,2018 TVR Griffith,Modern Sport GT
2569,2015 Ultima Evolution Coupe 1020,Track Toys
3231,2017 Vauxhall #66 Power Maxed TAG Racing Astra,Forza Touring Cars
2427,2016 Vauxhall Corsa VXR,Modern Hot Hatch
1490,2012 Vauxhall Astra VXR,Modern Hot Hatch
278,2006 Vauxhall Astra VXR,Modern Hot Hatch
291,1990 Vauxhall Lotus Carlton,Sport Touring Classics
3533,2022 Volkswagen Golf R,Modern Hot Hatch
3413,2021 Volkswagen Golf R,Modern Hot Hatch
3161,2018 Volkswagen #22 Experion Racing Golf GTI,Forza Touring Cars
2142,2014 Volkswagen Golf R,Modern Hot Hatch
354,2003 Volkswagen Golf R32,Modern Hot Hatch
1383,1998 Volkswagen Gti VR6 Mk3,Hot Hatch Icons
309,1995 Volkswagen Corrado VR6,Hot Hatch Icons
353,1992 Volkswagen Golf Gti 16v Mk2,Hot Hatch Icons
1612,1988 Volkswagen Scirocco 16v,Hot Hatch Icons
2995,1983 Volkswagen Golf GTI,Hot Hatch Icons
1380,1981 Volkswagen Scirocco S,Hot Hatch Icons
1387,1997 Volvo 850 R,Sport Touring Classics
2844,2017 VUHL 05RR,Track Toys
3547,2020 Xpeng P7,Modern Sport Touring
3212,2019 Zenvo TSR-S,Modern Hypercars